id,ipsae,pdockq2,prodigy_kd,prodigy_dg_internal,dG_rosetta,ipTM+pTM,pTM,dG_SASA_ratio
1A2YB_and_1JL1A,0.0,0.0198,1.3055926056919326e-08,-10.748804577114429,1668.780029296875,0.2776293216748711,0.20046814039599228,1.1737622695076382
1B0UA_and_1U2HA,0.0,0.0,5.2349917062230054e-08,-9.92656519379845,6354.11181640625,0.34506850248767046,0.24732843582115147,3.410031803581521
1CKAA_and_2EHSA,0.014338,0.0918,0.0020320514572527712,-3.6701900000000016,497.0858154296875,0.36885026128231835,0.3044106540671416,0.6628177666081781
1CZTA_and_1X6IA,0.013745,0.073,9.931062955878471e-07,-8.184112857142859,5388.29150390625,0.37720799738848165,0.2958097591496394,4.730885526009489
1D4TA_and_3DSHA,0.0,0.0,9.335406540846536e-07,-8.220735474452555,2939.861572265625,0.29610743948009255,0.21426231798876522,2.2514335469716724
1DEKA_and_2OS5A,0.0,0.0,7.480314977334049e-11,-13.805251304347827,14497.7197265625,0.2521703200653525,0.14976637847083776,9.067405382282507
1DJ8A_and_3CX5F,0.013359,0.1043,1.8985061112733832e-08,-10.527120229007632,10795.3486328125,0.27686315423513475,0.21818796108673957,5.462016025076649
1DVPA_and_2C1DB,0.0,0.0016,8.60181002089621e-14,-17.812546268656718,20740.201171875,0.20924999641332578,0.14636332354762055,7.369449232722274
1EEJA_and_2CAYA,0.0,0.0,5.6531248096957535e-06,-7.154394809160305,4433.3671875,0.2700232539175691,0.1828298915151964,3.327857542825219
1EERB_and_2B97A,0.118567,0.2017,3.709773970609377e-05,-6.040468888888888,290.82171630859375,0.5787475387330592,0.5259435005799034,0.3203392670123277
1EN2A_and_1YDGA,0.0,0.0,2.406270750973325e-08,-10.386788638497654,4084.959228515625,0.27221538799101375,0.16338613969269106,3.044886065127323
1F5MA_and_1PKHA,0.0,0.0,,,0.0,0.17635194367555287,0.0906901494336686,
1F9RA_and_1FK5A,0.0,0.038,2.752268345093119e-09,-11.670579212598426,7172.8359375,0.2357798301154559,0.16430139924405393,4.2820089428304655
1F9ZA_and_1MJHA,0.0,0.0,9.400996264624403e-06,-6.85325388127854,3891.064208984375,0.23996751879496167,0.1609408666719676,2.340370490401761
1FAOA_and_3BDUA,0.014032,0.0899,3.0695137113168033e-06,-7.515977460317462,950.257080078125,0.3910829111232342,0.3159416989333417,1.2534700660484581
1FQTA_and_2EIGA,0.0,0.0,4.791253114265973e-08,-9.979008487394958,3666.3818359375,0.3169810604958879,0.2163428449377575,2.935712059965743
1G0OA_and_2HAHA,0.0,0.0,,,0.0,0.2699291045943363,0.1577766399822754,
1G8EA_and_1BN7A,0.015321,0.0424,1.5805828415358733e-06,-7.908962267657994,2334.859375,0.3939268878931824,0.2944021103033043,1.6639841208226118
1GQVA_and_2PVBA,0.041155,0.108,5.220395961622527e-10,-12.654890655737706,1041.0640869140625,0.40573523243716114,0.34149913848711283,0.5622423697676415
1GY7A_and_1MO1A,0.080031,0.1711,1.6969597895406094e-06,-7.8668975,492.4586486816406,0.4375458121773021,0.3729546825236634,0.4260477755643424
1HLQA_and_3B4QA,0.01324,0.1042,3.1184496817400702e-06,-7.5066124817518265,2372.327880859375,0.3257654144550154,0.258348068361804,2.5350059790922543
1HZTA_and_2HQ6A,0.038244,0.1485,1.001506691172418e-05,-6.815789437229437,312.6082458496094,0.46427371444730375,0.4253312696178665,0.2986220391411572
1I1JA_and_1JATA,0.0,0.0,1.731486173019952e-05,-6.491635576923077,6718.7763671875,0.20270748059205945,0.10946152091118269,6.4035172669746645
1IJBA_and_1NIGA,0.0,0.0291,1.4626843688523943e-06,-7.954861219512195,1087.029296875,0.36513017155737926,0.29526679223730495,0.7848889981051488
1IKTA_and_2J43A,0.0,0.0,2.3283500899506438e-07,-9.042943007518797,2774.068115234375,0.2488040922120246,0.15557990409700664,2.789738086324853
1J30A_and_3PCGM,0.014371,0.0688,0.00019034496395408098,-5.072235799373042,63.52872085571289,0.4470277314127578,0.37752587228288503,0.1270796558309509
1J8RA_and_2F9LA,0.0,0.0196,5.827729043983304e-09,-11.226392595419847,4482.94140625,0.26818004830439546,0.1943964768930376,2.524675186824593
1JLVA_and_1UCDA,0.0,0.0,3.76432388846497e-08,-10.12183448979592,1497.120849609375,0.24030069765184897,0.1562760754553209,1.2638551784625078
1JOSA_and_1OH0A,0.014656,0.0959,1.4833920641157409e-05,-6.583201428571428,1797.1451416015625,0.37913523812663835,0.312513993947249,1.1776428829227774
1JSDB_and_1MHYG,0.012661,0.0455,8.82901347345849e-12,-15.070437777777778,12524.4765625,0.28433977730872884,0.21094363125585375,3.6585869352583824
1JSMB_and_1YSRA,0.0,0.0182,2.5228629243361396e-11,-14.448781739130437,11622.2216796875,0.2318985742803873,0.16528624770129827,7.633035425311624
1JYHA_and_3BCIA,0.0,0.0149,1.0489662687734322e-06,-8.151712098765433,6271.41455078125,0.23232609960566303,0.15040960219589566,4.759871288593665
1K2EA_and_1NEPA,0.012058,0.053,5.395209238871952e-07,-8.54537982300885,2085.7138671875,0.31851689159202173,0.2480955848136207,1.0560158162246465
1K5NA_and_1T00A,0.0,0.0063,5.362289232287224e-07,-8.54900364820847,3281.27978515625,0.25846445375208543,0.17609716823881008,2.6343410086239585
1KAFA_and_2C9IA,0.0,0.0,1.1714712468066053e-06,-8.086312711864407,2647.6181640625,0.28553539484847057,0.18861927269694703,2.8893680089302918
1KPTA_and_1F3UA,0.0,0.0,1.8930746275977512e-10,-13.255488924731184,16933.3203125,0.18550384541603002,0.11118651740968,13.46241623217841
1KXGA_and_1JG1A,0.016054,0.1101,2.118336782086667e-05,-6.372240076335878,2543.264404296875,0.3890520513261404,0.31245829156597776,1.8778556861893965
1L1DA_and_2PCJA,0.016277,0.0703,1.6689085659194936e-07,-9.24010287356322,697.5885620117188,0.4003866300855082,0.3294824191927166,0.36555648729022294
1L9LA_and_1XUBA,0.0,0.0,5.276400327633939e-08,-9.921900210970465,8277.345703125,0.2619715513507852,0.13433530119420894,7.194389039933157
1N62A_and_2PFWA,0.0,0.0,0.0005048868446430286,-4.494654798206277,887.8421630859375,0.21033954094772622,0.11047333866967385,2.550972160526833
1N7SD_and_2IMGA,0.014804,0.0771,1.1580306851702617e-06,-8.093145161290323,2346.98486328125,0.29063845659124704,0.18989003537111368,1.878839961317972
1N8VA_and_2A6CA,0.278059,0.3659,2.756462275339902e-07,-8.943005323741009,25.33708381652832,0.6065057477659493,0.5801238328529297,0.022990480394920552
1NEPA_and_1JL1A,0.01259,0.0587,1.6554078962621888e-06,-7.881575898617511,1534.352294921875,0.32829233107423295,0.2566861996086447,1.4275613968039078
1NEPA_and_2CGHA,0.013711,0.0686,5.780873673009157e-09,-11.231172277992279,5359.1328125,0.33895749630645755,0.2515956449773629,2.740686183867751
1NIJA_and_2V89A,0.0,0.0,1.5441934082354514e-11,-14.739434050179211,8681.0537109375,0.34042252129942785,0.23613841675824274,3.7276309722918493
1NNXA_and_1YWFA,0.013716,0.0379,1.7136397733323385e-07,-9.22444224489796,2340.39599609375,0.4224714192042286,0.3394212123162353,1.525206830436034
1NYCA_and_1DM9A,0.0,0.0,9.430089489655219e-07,-8.214760546448087,2442.871337890625,0.2146887735522205,0.1384111778635584,3.160295686280517
1NZAA_and_1V58A,0.0,0.0079,3.169687749633469e-05,-6.133626969696969,2144.31005859375,0.27921651369594663,0.19421335995047787,2.69521917485381
1O50A_and_1B5FA,0.0,0.0,1.4297880167481604e-08,-10.695001917808218,4531.43017578125,0.2596972930545179,0.1660247728216503,2.7093025224705523
1OHPA_and_1X42A,0.0,0.0,9.121442643808773e-08,-9.597800038314176,10481.4140625,0.24684861095397248,0.15687629259051777,5.501501506119337
1P5ZB_and_1N1JB,0.0,0.0,9.640974103490181e-08,-9.56500173553719,7522.74169921875,0.24112270777482803,0.122140733175177,6.180689976110194
1PVMA_and_2Q73A,0.01113,0.0463,1.7454671053287175e-07,-9.213546278026907,5447.3017578125,0.3296009268703459,0.23895371479121197,3.9726241151925157
1Q3OA_and_1YM3A,0.0,0.0,1.6191884394985364e-07,-9.258010497737557,6387.38916015625,0.2599175255314492,0.15967982767258598,3.837967346521441
1Q9UA_and_1LL2A,0.0,0.0,2.5654483970952088e-06,-7.622189929328622,3829.608642578125,0.3266723850243239,0.23286130159191307,3.197544104121277
1QG8A_and_1RWYA,0.012456,0.0495,5.896199403231828e-08,-9.856140476190475,4201.9091796875,0.362972185966157,0.27304688531006716,2.8794379991350487
1QOIA_and_1KEAA,0.015523,0.0828,5.197653890988863e-06,-7.204130972222222,379.5657958984375,0.5412936498467005,0.497514566560884,0.3251437834950633
1QQP1_and_1WDJA,0.0,0.0,0.00013106559387109887,-5.293168095238094,223.30416870117188,0.18462841077939623,0.10403348790284994,0.5143470676605476
1R1MA_and_1TC1A,0.0,0.0,1.11742995978904e-07,-9.477612711864408,4124.642578125,0.2309687261393646,0.14422330408464276,3.3297205677728594
1R29A_and_1RKBA,0.0,0.0208,1.6937704374119824e-07,-9.231347522123896,12522.1796875,0.2536629239139266,0.16049021255191928,9.022397921628516
1R2QA_and_1RLJA,0.011556,0.03,4.820601099668175e-07,-8.612056637168141,5912.08642578125,0.31029378645148464,0.23360497376000444,4.397807335119269
1R8HA_and_3G23A,0.0,0.0,0.0004744953973738033,-4.531413137254901,7.68506383895874,0.333460187189941,0.22951811583665133,0.02106954330710045
1ROAA_and_1PK6A,0.011088,0.0507,1.3762831965173977e-07,-9.354247835051547,6510.4013671875,0.29462899382530255,0.2190836047606661,4.944368584261092
1SE0A_and_3ELBA,0.0,0.0,5.691031531847005e-12,-15.33045487179487,9065.2265625,0.31231520654908884,0.2118386244278958,5.511646382229337
1SPVA_and_1VIZA,0.01337,0.0602,1.0724121554607731e-07,-9.501959964412812,4764.86572265625,0.31442867142865627,0.236662846502259,2.8389882252674283
1SQ2N_and_2A28A,0.012811,0.0411,1.2689419995581186e-10,-13.49233581395349,9075.474609375,0.3103769728334136,0.22250358563073272,6.993506390888328
1T92A_and_1VKMA,0.011376,0.0475,2.331996702615266e-08,-10.405352587412587,1443.088134765625,0.46957305956717316,0.4032557137213067,0.6721439486236312
1TFUA_and_1JLJA,0.0,0.0,0.00015565467040586754,-5.191363070866142,3318.349853515625,0.19838594665522613,0.1162283556720562,3.7071852558775227
1TJYA_and_2ZQEA,0.0,0.0,3.05297602139641e-09,-11.609184615384617,9168.3828125,0.26897033119878955,0.14312002079634997,7.664388733824731
1TOVA_and_3D1KB,0.01074,0.0235,3.258892672741945e-07,-8.843866237623763,7059.72802734375,0.23527589608938965,0.14670972745052785,5.194689807634061
1TZ0A_and_1U0KA,0.0,0.0,1.0668792317143284e-05,-6.778350309278352,3399.12646484375,0.23563641626612347,0.12383800188562974,2.8910615676490163
1UCRA_and_1JLTA,0.0,0.0062,1.9205496370983323e-08,-10.520285093167702,10372.6533203125,0.256684213105361,0.16270679041960945,6.964176192409222
1UHKA_and_1ELWA,0.0,0.0,2.0542187062064105e-06,-7.753774506437768,2669.308837890625,0.28277693948105687,0.19771434767453117,1.589156400341654
1ULRA_and_3FSGA,0.013646,0.0808,7.45270805921352e-08,-9.717432000000002,2949.3134765625,0.5189919618755252,0.4443489490743688,1.9595573651320781
1UNFX_and_2GKMA,0.0,0.0,5.062227551993567e-20,-26.306468979591838,50154.609375,0.2601830660537981,0.1633943387244569,20.0224558251814
1UOYA_and_1RYOA,0.0,0.0,1.0326384256933957e-08,-10.887673181818183,1723.3978271484375,0.3172624431238684,0.20199755273397121,1.5111275683305823
1UPQA_and_2F5XA,0.0,0.0131,8.966465771874663e-08,-9.607946308724832,2115.1796875,0.3477273184260061,0.2721838228129877,1.4243665872509155
1UPTA_and_1RLJA,0.20623,0.1622,1.7811032803934445e-08,-10.564915855855856,503.6090087890625,0.5909001559508218,0.5591481808943002,0.4593736071055198
1UXOA_and_2YYOA,0.790775,0.6037,2.9463306603479886e-07,-8.903564782608697,70.87377166748047,0.8985848215290128,0.8929086487454461,0.06225117134154324
1V4XB_and_2HA8A,0.012566,0.0484,1.4488489052668998e-05,-6.597152248995984,22.63799476623535,0.49840262290817994,0.44922454019304525,0.02934550399336029
1V54H_and_1WPAA,0.0,0.0126,5.482562101439114e-11,-13.98921487804878,15595.1884765625,0.22494873135985122,0.1413747623761102,10.912885291762318
1V8HA_and_3BS9A,0.0,0.0141,3.3853027642246076e-06,-7.457997583892617,4330.72802734375,0.24558599885858642,0.16906149390878272,4.010662746441766
1VQTA_and_2A7BA,0.0,0.0,6.264769393148703e-06,-7.093567499999999,1948.658447265625,0.21534003265009255,0.11397216064526569,2.611519641925241
1W6UA_and_2OZIA,0.0,0.0,2.302670750640087e-09,-11.776181774744028,5602.81494140625,0.30266384483245634,0.1873488566826779,2.517152107890436
1WA3A_and_3FOJA,0.0,0.017,2.1240837217027767e-06,-7.733972115384617,3605.027587890625,0.30341206945030197,0.20311681613693805,3.546748475084424
1WDCC_and_2IDLA,0.235847,0.1781,8.380985309175471e-06,-6.921255454545456,3340.8037109375,0.6233292673569006,0.6026595384667882,2.290539584274373
1WDDS_and_3FD3A,0.0,0.0,0.00026601152636714315,-4.874062529182879,1597.3658447265625,0.23515761695668505,0.13745499906064013,2.2457730498742188
1WURA_and_2RKLA,0.010823,0.0265,0.0002539775764907643,-4.901472512562815,179.95021057128906,0.35594121269746004,0.25270409054925225,0.2570555468658589
1WXCB_and_2ZE3A,0.015471,0.0881,4.3410421786594973e-07,-8.67409823529412,1577.10986328125,0.4339537980527657,0.3367806660164542,0.9717319861529318
1XIWA_and_1QQP3,0.0,0.0,2.491619366091483e-08,-10.366151538461539,9281.8818359375,0.2492209182590684,0.16651889851922697,6.039308430612647
1XIWB_and_1CGHA,0.12341,0.2122,2.3632369279448423e-08,-10.397473414634149,967.1248168945312,0.5927579282063653,0.5269018343105466,0.5608821170707755
1XM8A_and_3DR9A,0.0,0.0175,3.7280962365329134e-07,-8.764224150943395,2974.26416015625,0.312944426674044,0.21617133076335932,2.7112904950604566
1Y66A_and_2OUSA,0.0,0.0,1.1014255045518205e-11,-14.93949895104895,23108.341796875,0.4135784955551285,0.3067572840434726,8.282118422193598
1YDGA_and_2DOKA,0.0,0.0,3.2582765839477736e-07,-8.843978181818184,9868.5634765625,0.24216403467241193,0.1607082179894606,7.746204594815829
1YQ5A_and_2OO1A,0.615574,0.56,3.20767178759843e-06,-7.489910000000002,3.839871644973755,0.7787779188734757,0.7632352192938959,0.0036247774735849833
1YXYA_and_2VB1A,0.250372,0.2306,0.00016381427120901185,-5.161111216730038,23.509740829467773,0.6434455986439078,0.6002641763332704,0.03590715179835653
1YZ1A_and_2EIXA,0.0,0.0096,6.954048432924917e-09,-11.121772413793103,12109.1796875,0.28802548407631456,0.196532655493865,5.433016183200755
1Z2WA_and_2QCKA,0.0,0.0,2.073961065340487e-08,-10.474783662551442,4432.12255859375,0.24455842552281673,0.1611974077736007,3.3025482541757856
1Z5RA_and_1HH5A,0.015434,0.0681,2.4433691309536487e-09,-11.741066,2911.02392578125,0.43065916929937154,0.32575994747118614,1.9585634342700318
1Z6OM_and_1GXUA,0.0,0.0,3.080952054415161e-06,-7.513775178571429,4605.20263671875,0.24305557843736458,0.13923283757922367,5.177201923503135
1Z9LA_and_1HDKA,0.015091,0.0834,4.11938977805168e-08,-10.068465463917526,3839.30224609375,0.36910926305096625,0.29973593251530495,2.952783444430393
1ZELA_and_2RCZA,0.014507,0.0751,1.4168835733730083e-06,-7.9736976923076925,3626.301025390625,0.5529957562525052,0.48587608595323223,2.640100646164229
1ZX8A_and_1VR8A,0.01129,0.0312,1.704963414198599e-06,-7.864111505376345,6658.6142578125,0.26453476436134415,0.195423906597772,5.026103181524793
1ZZKA_and_1T8HA,0.0,0.0127,1.0969255875882723e-08,-10.85191439330544,5502.990234375,0.3313495935297931,0.2159498874759448,3.8613740841436233
2ACFA_and_1GQVA,0.0,0.0082,4.6292661873584185e-08,-9.999372586206897,4151.98876953125,0.23698829466124072,0.14907037360800202,3.401962376776341
2AJ7A_and_2YZTA,0.014714,0.0675,1.1431795624823255e-07,-9.464123672316385,15850.142578125,0.3314710482784193,0.24077354503364717,10.018237145855194
2B49A_and_1UIXA,0.0,0.0,7.107567789205071e-11,-13.835515833333332,25283.01171875,0.2978196570432896,0.17704431348451521,16.21362949368582
2BBHA_and_1Y0HA,0.0,0.013,1.2632989544273627e-07,-9.404966218487397,11050.7021484375,0.2519477201398845,0.1635186057294136,6.648840329888487
2C4WA_and_1EZIA,0.0,0.0,8.867653344990862e-09,-10.977843655913977,13532.458984375,0.22599673671315984,0.13818322338583094,10.276636793465546
2CCJA_and_2GUZA,0.016366,0.1026,7.464829798980226e-08,-9.716469756097561,6267.70751953125,0.40878527520711394,0.32118351354239216,3.7335532427193616
2CJSC_and_3BD1A,0.104566,0.25,2.100632335732671e-06,-7.740545555555556,2080.767333984375,0.4760759104197997,0.4247989311579538,1.6186480561006238
2CKLA_and_2W3QA,0.0,0.0,2.6807010875102577e-08,-10.32284285714286,9815.94921875,0.2562368054246149,0.1641923739426313,6.203003863635558
2CUKA_and_3CWIA,0.0,0.0,2.233364140039738e-06,-7.704267872340425,16790.923828125,0.3462859019002583,0.22922970506819473,13.155914971955344
2CWZA_and_2I5IA,0.0,0.0,6.68713553299235e-11,-13.871618181818182,11429.3095703125,0.25125974177145605,0.14812591609208592,6.0167326632145395
2D5KA_and_1O4VA,0.0,0.0,,,0.0,0.20933282637156192,0.12494142317526377,
2DJFA_and_2BZ1A,0.041892,0.1552,4.663649517067638e-06,-7.268318818565401,327.7793273925781,0.45225847159464694,0.3941841415600589,0.22161774531072617
2DJFC_and_3CE1A,0.013911,0.0973,1.657964027239889e-06,-7.880662352941176,64.69371032714844,0.330981253027659,0.23404282623856748,0.05894522675361677
2DPLA_and_1WU9A,0.0,0.0,0.0007007843116543029,-4.3005289298893,592.0068969726562,0.2905523707726211,0.16571749125213667,0.7926771533273888
2DQAA_and_2OS5A,0.0,0.0,5.951754281147977e-07,-8.487251666666667,3613.53857421875,0.24039299445894963,0.15944871892689153,2.686613350265053
2DXQA_and_2YV8A,0.0,0.0,4.4096359046638984e-07,-8.664815652173914,3261.9228515625,0.259467546902281,0.1855507730320572,2.3639102325873123
2E1FA_and_2J8MA,0.0,0.0043,2.068791320115913e-06,-7.749589056603774,568.0253295898438,0.25109599051668025,0.15129298589543894,0.5527691835266768
2F99A_and_2FOJA,0.0,0.0,1.0336869282075577e-07,-9.523736129032258,4781.04541015625,0.2396500614931965,0.16207178126108937,3.864107966817842
2F9SA_and_1IWDA,0.010997,0.0232,3.887022526494055e-09,-11.466179288702929,5404.7900390625,0.3164067718116684,0.22553253441025525,3.8428785213697214
2F9SA_and_1WCV1,0.350699,0.2897,8.022314438246676e-06,-6.94715256916996,2427.088623046875,0.6878180977496369,0.6494015127604387,1.97826906941196
2FE5A_and_2CJSC,0.010768,0.0179,2.654390376648338e-07,-8.965346666666667,2239.264892578125,0.23961169875599808,0.14766025043773068,1.8553855723594546
2FE7A_and_2GBWB,0.0,0.0005,0.0003878861213046035,-4.650742903225808,56.5009765625,0.22172028513496855,0.136471265506862,0.14276079010140943
2GUDA_and_2GIAB,0.0,0.0165,7.348574355106218e-10,-12.452435714285714,7743.5830078125,0.277652797558099,0.19652955207796524,4.948932914817769
2GUZB_and_2DDRA,0.017231,0.1309,4.97067190586239e-09,-11.320577656903765,1025.525390625,0.4500596254789786,0.35049786791544346,0.6360037083228167
2GW8A_and_1GTZA,0.0,0.0282,0.0045128308661999085,-3.1977744444444447,-0.4299675524234772,0.22636826597197385,0.1281113126232808,-0.001476290402746176
2HDDA_and_1XIZA,0.010793,0.025,3.746722514593736e-10,-12.851281842105264,12118.1142578125,0.29636997122713643,0.19116988022209253,7.751983607632696
2HEOA_and_2Q3WA,0.044394,0.1836,2.3901924954345606e-05,-6.30074962962963,1891.7489013671875,0.4422603848839547,0.36833612134719645,2.4255698318675427
2HPWA_and_2O9SA,0.0,0.0134,3.329519202671269e-07,-8.83117157894737,2968.53955078125,0.34080430792532523,0.23288867719220382,2.193354872186081
2IN0A_and_1G8IA,0.0,0.0117,5.305723822223018e-07,-8.55528262295082,5020.8701171875,0.2573939949142371,0.17831118023013226,3.375621137013426
2J7YA_and_2FUPA,0.074066,0.1828,6.614619151851212e-09,-11.15140161764706,6321.14013671875,0.6046642692081765,0.588104875847653,2.5906374246864385
2JABA_and_1ISUA,0.075682,0.1987,9.029844569391698e-06,-6.87710354609929,2316.1337890625,0.457642995051773,0.3848298624017894,1.6750554062204694
2NMLA_and_2HLVA,0.0,0.0005,4.2249480366538776e-07,-8.690148292682927,1163.69580078125,0.25424514198774273,0.1633451539114685,0.8124739736343435
2NRRA_and_1K2XA,0.0,0.0,0.0015819583051142746,-3.818438723404256,-1.6174867153167725,0.2364854014247989,0.15746887825743802,-0.005640504240450552
2NRRA_and_2D2RA,0.014428,0.0869,1.4394097132884467e-05,-6.601022307692308,600.8443603515625,0.5491855160491275,0.5028305660115896,0.7338484861044724
2NSAA_and_1I12A,0.0,0.0,8.992679449257416e-11,-13.696226363636365,5573.49267578125,0.25354524967392533,0.18830154873659405,2.3760462256982184
2O8LA_and_1ROCA,0.0,0.0,6.311292184780383e-09,-11.179195348837212,5476.1669921875,0.24520219638394816,0.15026396343776866,3.5702543480599984
2O9UX_and_2OHWA,0.0,0.0,1.9445392911696295e-06,-7.786262748538013,2855.009033203125,0.19109963078069905,0.09694345405266415,2.3895067497679787
2O9UX_and_2RFFA,0.0,0.0,3.4475075262462527e-07,-8.810552893081763,6429.25341796875,0.23755795591151663,0.16698130808273032,3.9047471547771995
2OAIA_and_2GYQA,0.0,0.0,4.6498375784263636e-07,-8.63341113402062,6368.203125,0.2766304958158699,0.17568160668636723,6.042701977476224
2OB5A_and_2QXXA,0.0,0.0,4.986889143250614e-06,-7.2286405426356595,1771.39599609375,0.24559483910005742,0.15729169130268214,1.879280263982636
2ONFA_and_1X0PA,0.0,0.0,1.5593182356377877e-08,-10.643654444444445,8749.3623046875,0.20656492664587583,0.12402451957814489,5.9303531522893795
2OPCA_and_2OZNA,0.0,0.0217,1.3158667411651256e-08,-10.744163469387757,8036.826171875,0.2604451587678436,0.17844577702235231,5.494787404575407
2OQ0A_and_1K8KG,0.0,0.0,6.236425896410886e-13,-16.639605555555555,20586.89453125,0.19819150049690792,0.13057105691960771,8.61619262099098
2OX7A_and_2BURB,0.01178,0.0226,6.26155730785264e-09,-11.183879672131148,4828.20654296875,0.3227263973658016,0.23173665647469294,2.26272964155517
2OXGA_and_2Q9VA,0.016778,0.0449,6.952000365126915e-07,-8.39527447368421,2059.427734375,0.2553221039986091,0.1822999122349284,1.8492328090116223
2OZNA_and_2HQSC,0.014176,0.088,2.196347561559897e-07,-9.077499782608697,6360.7861328125,0.3081311943395763,0.22977245144278682,4.49115100118744
2P1MA_and_2PN0A,0.0,0.0,4.0491131323130605e-07,-8.715317469879517,8987.4990234375,0.18795862236157168,0.11996668079155877,4.610878605012675
2P3PA_and_1RFEA,0.0,0.0,1.4636938550826236e-05,-6.591116551724138,174.45436096191406,0.23031715531006086,0.14586852748040566,0.2529596370527876
2P5KA_and_2C5QA,0.0,0.0139,8.65847117194512e-07,-8.265305688073395,1738.39697265625,0.4775172493298202,0.3908011401782286,2.121765277611302
2P84A_and_3CSEA,0.0,0.012,3.6035266912132202e-09,-11.511018480565372,10118.376953125,0.2836826921296479,0.19092616784750427,5.781563903567206
2PEXA_and_1G2IA,0.0,0.0,0.0003308137045108345,-4.744977719298246,43.48012161254883,0.2085755441958922,0.1200169542277843,0.1689093709854943
2PEXA_and_2QY6A,0.0,0.0,2.1201458269536614e-07,-9.09840699658703,4630.69482421875,0.23028498596006897,0.1267916086825992,3.396159989743834
2PK3A_and_1Z3EB,0.012126,0.0413,1.1700644639386065e-06,-8.087024160583942,6406.5830078125,0.436283421149539,0.3389675196365908,5.767015244545328
2PMUA_and_2FJRA,0.0,0.0,8.73097541627542e-07,-8.260368297872342,1483.263427734375,0.18337108038902944,0.12548227188778627,1.0747651589779144
2PN0A_and_1V54D,0.0,0.0,3.135760899580397e-08,-10.230007094017093,2771.469970703125,0.18538798656069438,0.14855261373622214,1.3743428041847938
2PN6A_and_2PR7A,0.0,0.0,3.969675474040301e-06,-7.363712678571428,13539.234375,0.20991375425687342,0.12975175338593492,10.037700448058102
2PNFA_and_2Q5WD,0.025329,0.1539,8.363698599920214e-07,-8.285814137931034,3828.068115234375,0.3817327451457131,0.27833183938288353,2.091997629923589
2PS1A_and_1KT6A,0.0,0.0,1.9062612977798096e-05,-6.434698019169328,4492.27978515625,0.22597678372498836,0.1388915094653872,4.5954304253326885
2QJLA_and_1IHOA,0.0,0.0145,2.6126920542303488e-08,-10.338057915194348,4637.10107421875,0.38539837180766945,0.29456061317498095,3.392636039659775
2QMOA_and_2I6JA,0.0,0.0,1.0283420996519115e-07,-9.526805555555555,7843.94189453125,0.24934021708060386,0.16035177404950768,5.651988649857244
2QNGA_and_1S5AA,0.0,0.0,1.873496244532817e-06,-7.808299572649574,8033.1416015625,0.23030128045546067,0.1520048204473028,8.112907466125227
2QV6A_and_2BWKA,0.0,0.0,6.614609699284136e-09,-11.151402463768116,10528.9384765625,0.2312948166406897,0.11734291625998441,5.796232535647748
2RFAA_and_1S12A,0.039664,0.11,2.680252638308397e-08,-10.322941914893617,3292.013916015625,0.5006433139455115,0.43134692164027433,1.4936745780458094
2RFFA_and_2FZSA,0.0,0.0098,0.00021461034322293681,-5.0011933628318594,59.26594161987305,0.2315804461525801,0.13532717493185942,0.08497982237970551
2RKNA_and_1KAFA,0.0,0.0,1.7394722273271754e-07,-9.215583333333333,5022.2919921875,0.21584084984667323,0.12190171213471139,4.053167796486775
2V1QA_and_2H62A,0.0,0.0,3.4264511149780597e-06,-7.450844125874127,1306.1982421875,0.22667175379307708,0.13491030146913313,1.3536715976533473
2VN6A_and_1SENA,0.01711,0.1455,2.78782815942821e-07,-8.936305961538462,2099.338134765625,0.3801317971438932,0.31625100427068686,1.7013962551387323
2VPAA_and_1PM4A,0.0,0.0,3.093709978317944e-09,-11.601336973180077,13584.890625,0.2570890864678973,0.17635666036219283,8.709188010827534
2VVPA_and_1R9CA,0.0,0.0,0.00015553182808495736,-5.191830530973451,1142.3160400390625,0.18078001432799506,0.08355480849590341,2.243604006782945
2YXBA_and_2QFFA,0.012992,0.064,8.641470692112679e-08,-9.629805541401273,8980.099609375,0.29391192649461767,0.21862856669582542,4.477695693595381
2YXBA_and_3D3BJ,0.0,0.0167,5.078628994027182e-07,-8.58118349112426,5425.01513671875,0.24196696438820584,0.16661264323567587,2.993816499775506
2Z8TX_and_1LKKA,0.015327,0.0708,5.324750821867859e-08,-9.916499285714286,1506.5728759765625,0.32837564849867534,0.23534536785200413,0.9769353449388145
2ZPLA_and_2H17A,0.0,0.0169,3.365395226218451e-07,-8.824825862068966,629.8328247070312,0.2904510778647845,0.200280254991761,0.4399369731741636
3B5EA_and_3B7HA,0.0,0.0,3.52058239382481e-10,-12.888142385786805,20850.373046875,0.28217632921695585,0.17491342262269197,13.376280166107266
3BC1A_and_2C9JA,0.133531,0.1641,1.8810054915198657e-08,-10.532603479853481,2001.552734375,0.5201590360209634,0.47185457555694704,1.154950565975591
3BCWA_and_1YO3A,0.0,0.009,4.2501332093080323e-07,-8.686629289940829,1686.1163330078125,0.23768157651904784,0.1489841810745384,1.2705585414410543
3BDUA_and_3EMFA,0.029307,0.1679,1.1530339089261005e-06,-8.095705490196078,2330.984130859375,0.45939191112705774,0.39190158064955566,1.9709448177579494
3BHOA_and_2PW4A,0.0,0.0,2.9949894706147447e-07,-8.893866261682243,1805.3592529296875,0.25323626026058554,0.17483831560404317,1.2450536498092748
3BJHA_and_1HRUA,0.014467,0.0692,4.593900524625214e-11,-14.093921785714286,7893.44775390625,0.44524357801501224,0.3852691871668348,3.047743666316
3BKRA_and_1U69A,0.0,0.0,8.021510077169936e-07,-8.310548110599079,2696.125732421875,0.22007276274487186,0.13395879854801596,2.8275922018865414
3BPUA_and_3DALA,0.0,0.0013,6.898298250547913e-08,-9.763202115384615,5955.3369140625,0.28680075665864835,0.19949724003085556,3.3013802342102436
3BS2A_and_2GIBA,0.0,0.0,3.711994253579783e-07,-8.766786976744187,678.71142578125,0.23856744975173672,0.14473859214648682,0.7399111654776862
3BX1C_and_2FDRA,0.0,0.0,6.357179424170157e-12,-15.264914561403508,19935.15234375,0.21710094281653747,0.1424803352874283,16.672850297889962
3CC6A_and_2I61A,0.0,0.0,8.445039482190942e-09,-11.00675595744681,11200.7333984375,0.33625062946746437,0.22901846620976643,7.126905042078814
3CK6A_and_2I2QA,0.0,0.0001,4.1768475816892236e-12,-15.513608676470588,26565.767578125,0.2926645111359272,0.1995669853572563,14.678470950454383
3CXKA_and_1ELKA,0.014619,0.0783,1.8164635270347393e-07,-9.189940093896714,1889.4991455078125,0.3013146149806323,0.22385254199151944,1.5667878897566287
3DEWA_and_3CNVA,0.0,0.0,8.463120438167429e-11,-13.732161985018726,18999.939453125,0.22827443519516621,0.15063257647518466,10.234547098411696
3DF8A_and_2QTDA,0.0,0.023,3.144152584232703e-08,-10.228424705882354,6680.875,0.2360171847548425,0.1651477890907542,5.45548741727888
3DO8A_and_1WKUA,0.0,0.0,2.6266380314470082e-11,-14.424914393939396,2819.637451171875,0.294837505660945,0.20372137591389428,1.1803044119839798
3EB5A_and_2HZLA,0.011714,0.0318,2.699055343977265e-07,-8.955466575342466,3906.653076171875,0.3856931001638618,0.2702934231479831,3.180795977662382
3EBTA_and_1QMVA,0.012908,0.0856,9.06671423379542e-07,-8.238027086614174,1468.255126953125,0.3783664492820511,0.31433418437945626,1.1136412686864205
3ECYA_and_2QEDA,0.0,0.0,9.432863565302086e-09,-10.941258740157481,12866.359375,0.24409796255119648,0.13261685697279055,8.198219777891476
3F75A_and_3FH2A,0.437555,0.409,4.3957945211376296e-06,-7.30334090909091,405.1736145019531,0.7498020145257065,0.7209317691844814,0.2233680224542861
3FE3A_and_2OUFA,0.0,0.0,7.391212955203277e-08,-9.72233782051282,19225.20703125,0.3298885076967194,0.2161254839155796,12.715331417255022
3FZYA_and_1EK0A,0.216505,0.1827,2.2180138852678606e-08,-10.435023787878787,518.6173095703125,0.638609715868823,0.5987961597029434,0.43213370359980463
3PROC_and_2QJWA,0.011698,0.0258,1.6802414112968747e-09,-11.962768181818182,6838.884765625,0.2654880992219583,0.19337333421463096,2.9132068957089796
830CA_and_2Z79A,0.015241,0.0931,1.987969746972051e-11,-14.589865060728746,5678.33203125,0.33394273016333464,0.2604068790108368,2.53141134946833
