id,ipsae,pdockq2,prodigy_kd,ipTM+pTM,pTM,dG_SASA_ratio
1dev__A1_Q15796_and_1dev__B1_O95405,0.842195,0.7079,2.4e-11,0.9056468723938654,0.8999081426263151,-0.007942044148615665
1f3u__B1_P35269_and_1f3u__A1_P13984,0.801049,0.6235,6e-13,0.87405535121097,0.8820975601430711,0.012707293067308419
1gk6__A1_P03069_and_1gk6__B1_P03069,0.687575,0.7592,4.3e-06,0.8420693505679792,0.8422414727608691,-0.031354422939878605
1gmj__A1_P01096_and_1gmj__B1_P01096,0.113062,0.2755,1.9e-05,0.571138724703979,0.5532682636451492,-0.025076565324988583
1h31__A1_Q939U1_and_1h31__B1_Q939U4,0.899622,0.7446,2.8e-09,0.9575430430586003,0.9567188658746643,-0.01384300588652285
1ijx__A1_P97401_and_1ijx__C1_P97401,0.692283,0.6278,2.1e-09,0.8541923896654098,0.845671126298008,0.40752552545148635
1jrk__A1_Q8ZTD8_and_1jrk__B1_Q8ZTD8,0.826044,0.6282,1.5e-08,0.8994672974392173,0.8959861936413829,-0.009099005858604485
1myl__A1_P03050_and_1myl__B1_P03050,0.703455,0.8133,7.1e-08,0.8684541096571606,0.8662465525488079,0.03062144854045182
1nkn__B1_Q17042_and_1nkn__A1_Q17042,0.604792,0.684,6.4e-09,0.76548252012117,0.7644046535941026,-0.01027024667544792
1pdk__A1_P15319_and_1pdk__B1_P62532,0.891033,0.6021,2.4e-11,0.9241556976354299,0.923973496804399,0.36909032803919767
1sj5__A1_Q9WY07_and_1sj5__B1_Q9WY07,0.880273,0.6825,1.8e-07,0.9289336473616454,0.9309232047195056,-0.013809737250482597
1tfe__A1_P43895_and_1tfe__A2_P43895,0.843674,0.6577,1.4e-08,0.9108012702526652,0.9078093762329323,-0.03321874520374914
1uix__A1_Q28021_and_1uix__B1_Q28021,0.560597,0.6681,5.2e-08,0.7338804165534633,0.730745059056669,-0.010954313234425887
1vla__A1_Q9X021_and_1vla__B1_Q9X021,0.89517,0.7379,1.3e-18,0.9407625283603325,0.9401204207591076,-0.025044909773807005
1w33__A1_O50957_and_1w33__B1_O50957,0.872552,0.5875,5.5e-13,0.915599831203203,0.9230518022660208,-0.026309732532257272
1xe8__B1_Q03629_and_1xe8__A1_Q03629,0.920284,0.7532,2.4e-10,0.9531562375040522,0.952058717952289,0.017720452462286984
1xuv__A1_Q8PZJ2_and_1xuv__C1_Q8PZJ2,0.89524,0.7372,2e-08,0.9422316909047994,0.940055492773482,-0.00024845272350159547
1ygt__A1_Q94524_and_1ygt__A2_Q94524,0.839768,0.7533,4e-15,0.9130185986724839,0.9100244812365469,0.16629752564804823
1zva__A1_P59594_and_1zva__A2_P59594,0.670949,0.679,1.8e-08,0.8392657951700615,0.8360533403235544,0.08487042432085042
2b0a__A1_Q58193_and_2b0a__A2_Q58193,0.903882,0.751,1.7e-11,0.9443674969601275,0.9419320346982152,-0.017142899940365514
2bdt__A1_Q9K6P2_and_2bdt__A2_Q9K6P2,0.867791,0.6581,2.5e-09,0.9225964694039855,0.9206135109571338,-0.03154406267432303
2bti__A1_A1JK11_and_2bti__B1_A1JK11,0.747853,0.7643,1.9e-11,0.8717498507484542,0.8720586976652441,0.03631610812493077
2cg5__A1_Q9NRN7_and_2cg5__B1_P49327,0.876394,0.7037,5.3e-07,0.922273426752589,0.9183425557831038,0.05297706599236653
2f22__B1_Q9RC77_and_2f22__A1_Q9RC77,0.916483,0.7679,8e-11,0.9521757178838663,0.9514908327257575,-0.02627625364861035
2gkv__A1_P00777_and_2gkv__B1_P68390,0.915252,0.7667,1.5e-10,0.9338762935072091,0.9281839504478919,-0.020929617421020556
2gt4__A1_P32056_and_2gt4__B1_P32056,0.900093,0.7471,1.5e-08,0.9440566505333632,0.9424506548203091,-0.02086289901577773
2guh__A1_Q0S8Y3_and_2guh__B1_Q0S8Y3,0.893619,0.7193,9.3e-11,0.9377764231874834,0.9366244820540074,-0.012328499522109853
2i2w__A1_P63224_and_2i2w__D1_P63224,0.748994,0.5875,7.7e-11,0.8994250992686094,0.8946828788083246,0.025883663007743418
2iml__A1_O28442_and_2iml__C1_O28442,0.934663,0.7867,5.4e-10,0.9616418001255534,0.96070209987503,-0.03149645651070091
2j8q__A1_O43809_and_2j8q__B1_O43809,0.909012,0.699,1.6e-11,0.9449083900259132,0.9452863879208097,-0.022227211547153892
2ns9__A1_Q9Y9R3_and_2ns9__B1_Q9Y9R3,0.594527,0.5139,4.8e-07,0.7789797194237658,0.7612066072352194,0.05509192986894637
2nvn__A1_Q31MH7_and_2nvn__A2_Q31MH7,0.840484,0.7307,8.1e-06,0.9092168211753873,0.9074085477205163,0.07799791108701587
2nyh__A1_Q13JM0_and_2nyh__B1_Q13JM0,0.908272,0.8093,1.8e-11,0.9494219295774216,0.9485898789327316,-0.018462715264891717
2nys__A1_Q8U561_and_2nys__B1_Q8U561,0.756739,0.6178,8.2e-06,0.8653055131930347,0.8628736158325536,0.0036599725491068807
2ox1__A1_O30011_and_2ox1__B1_O30011,0.891072,0.7139,1.2e-06,0.9382594650675122,0.9357978515609792,0.003209089248856276
2pqv__B1_A0A0H2UMZ7_and_2pqv__A1_A0A0H2UMZ7,0.890711,0.7002,1.4e-08,0.9374509314655469,0.9356451554469366,-0.01591154505595163
2q3t__A1_Q9LUJ3_and_2q3t__A2_Q9LUJ3,0.843335,0.7228,1.2e-08,0.9135982576294677,0.9104825883105011,-0.018383335554749487
2r01__A1_Q8KFI1_and_2r01__A2_Q8KFI1,0.937134,0.7825,1.4e-14,0.9631484437155793,0.9623543396480706,-0.028951893463819503
2rkl__F1_Q06263_and_2rkl__E1_Q06263,0.745887,0.7954,7.6e-06,0.8698448819069498,0.867399110515652,-0.0001498728080935141
2tdx__A1_P0DJL7_and_2tdx__A2_P0DJL7,0.820148,0.6998,1.7e-05,0.9011413776463949,0.8964368267237725,-0.030324774793425865
2vkj__A1_Q9X1W9_and_2vkj__B1_Q9X1W9,0.689809,0.6089,0.00015,0.8230567775953122,0.8199055506162165,1.4005138510685613
2vvo__A1_P9WKD7_and_2vvo__B1_P9WKD7,0.936977,0.8361,6.7e-13,0.9640516235104231,0.9635431593955879,-0.012881401208819938
2wcu__A1_Q8R2K1_and_2wcu__B1_Q8R2K1,0.739571,0.5784,6.5e-05,0.8963525247113766,0.8914095266755181,-0.022901515767315077
2wfh__A1_O94813_and_2wfh__B1_O94813,0.861434,0.6912,4.3e-12,0.9212147201494605,0.9168240243052193,0.00703115090102721
2wns__B1_P11172_and_2wns__A1_P11172,0.865809,0.6407,2.6e-10,0.9195427718269783,0.9181564201697354,0.3844967963159365
2wwo__A1_Q66ED7_and_2wwo__B1_Q66ED7,0.849799,0.6647,2.2e-05,0.9150215663789936,0.9116444716206975,-0.023153132520220537
2yve__A1_Q8NMG3_and_2yve__B1_Q8NMG3,0.880036,0.6985,4.8e-09,0.9295318608961979,0.9288198240427672,0.059454293769504535
2yyh__A1_O67435_and_2yyh__B1_O67435,0.863821,0.7168,1.7e-07,0.9290747840594121,0.9263144039782019,-0.01345504899664526
2zw2__A1_F9VNF4_and_2zw2__B1_F9VNF4,0.855284,0.811,6.2e-11,0.923878548468309,0.9217854772212576,-0.03828240353513126
3cq3__A1_Q53W28_and_3cq3__A2_Q53W28,0.0,0.0262,8.7e-06,0.3229569271240059,0.260013112505709,0.6343064305699152
3cqr__A1_Q39249_and_3cqr__B1_Q39249,0.0,0.0,6.7e-10,0.22813753417678562,0.15052413702878747,11.064019569384246
3cwx__A1_P94837_and_3cwx__B1_P94837,0.643754,0.5425,1.5e-07,0.8406261062734215,0.8339391104507867,-0.025651128186977082
3ent__A1_Q2YAE2_and_3ent__B1_Q2YAE2,0.871977,0.7586,1.2e-09,0.9221018990190072,0.923217323521829,-0.020406545859451817
3exq__A1_Q03S37_and_3exq__A2_Q03S37,0.783499,0.6394,5.2e-15,0.8744907723351085,0.8708984585130317,-0.005898524333296139
3fil__A1_P19909_and_3fil__B1_P19909,0.775161,0.8208,3e-06,0.892900621534882,0.8895959011686172,-0.046139935031406586
3g7p__A1_B7JA91_and_3g7p__A2_B7JA91,0.814622,0.6361,3e-05,0.8958594959624863,0.8918976191201555,-0.016194293680807624
3gku__A1_D0VX24_and_3gku__B1_D0VX24,0.648097,0.4298,2e-09,0.730236473460506,0.7266803590368369,1.8462424428461615
3gr5__A1_O52135_and_3gr5__A2_O52135,0.764883,0.5975,2.2e-10,0.8795395475071044,0.874243277682715,0.9440497392623259
3k3d__A1_P9WLZ7_and_3k3d__A2_P9WLZ7,0.849557,0.6506,5.4e-10,0.9184565549109709,0.9177288262140239,-0.025302211653536827
3k9m__A1_P07858_and_3k9m__B1_P01040,0.891827,0.7117,8e-14,0.9283563939222073,0.9251030865036671,1.9143403353030255
3kxa__A1_Q5F9C2_and_3kxa__B1_Q5F9C2,0.599705,0.5673,7.8e-08,0.7613361068253874,0.7507030048618193,0.7511979180520777
3l34__B1_Q9HT87_and_3l34__A1_Q9HT87,0.867586,0.7379,1.4e-09,0.9255498586317391,0.9256912275377386,0.0039527520281848584
3lf4__B1_D1MPT3_and_3lf4__A1_D1MPT3,,,5.2e-13,0.9265612973848589,0.9281813472455238,-0.030174239489219684
3mqi__A1_Q9UH73_and_3mqi__B1_Q9UH73,0.797351,0.7187,8.1e-06,0.8997918139328018,0.8955869382287036,-0.015267415470368468
3n50__B1_Q9H4W6_and_3n50__A1_Q9H4W6,0.717023,0.5932,1.2e-08,0.8477808153152977,0.8447779994661548,0.02685506408256876
3na2__A1_UNDEFINED_and_3na2__B2_UNDEFINED,0.894305,0.7616,1.9e-09,0.940763749687193,0.9396896584536036,-0.015561602083505854
3neu__A1_Q92AT3_and_3neu__A2_Q92AT3,0.779452,0.6561,2.5e-08,0.8719675773674445,0.8717992289996631,0.004731991823125857
3owf__A1_P00644_and_3owf__A2_P00644,0.0,0.0,3.2e-07,0.21389551342542928,0.13706168001537183,4.659913822103434
3ps8__A1_P01034_and_3ps8__A2_P01034,0.68472,0.621,9.1e-17,0.8065389009122812,0.8117785540544693,-0.0065339723214826295
3q5w__B1_P38937_and_3q5w__A1_P38937,0.806729,0.5064,7.6e-15,0.8680089349868786,0.8728671571683273,0.14020557218584248
3r2p__A1_P02647_and_3r2p__A2_P02647,0.276888,0.4296,6.7e-10,0.40476357776310284,0.40171904288484084,0.4367757125480951
3s5r__A1_Q2LS68_and_3s5r__B1_Q2LS68,0.855832,0.6984,2.1e-13,0.9139352641734367,0.9110423131400078,-0.00565029957250232
3swk__A1_P08670_and_3swk__B1_P08670,0.510075,0.5783,5.5e-10,0.6823825633173981,0.6800226915485096,-0.020262033707538533
3tbm__A1_Q8XVB9_and_3tbm__B1_Q8XVB9,0.842482,0.8399,1.4e-08,0.9249499796457439,0.9233122173343465,-0.035781372507391176
3uv0__B1_Q9W061_and_3uv0__A1_Q9W061,0.863908,0.7846,0.00015,0.9268835398328031,0.9248731577794774,-0.02081117482242995
3uws__B1_A7A9N3_and_3uws__A1_A7A9N3,0.947993,0.8018,2.8e-16,0.9652388146327368,0.964686610447857,-0.008613327139407751
3v1e__A1_UNDEFINED_and_3v1e__B1_UNDEFINED,0.677712,0.8167,6.4e-08,0.8588878173754118,0.8536914404835455,0.06972108226570964
3v78__B1_P95092_and_3v78__A1_P95092,0.750917,0.5259,1.1e-08,0.8536444419793133,0.8514816095167623,0.05189678635750069
3vba__A1_Q58673_and_3vba__B1_Q58673,0.597496,0.5587,0.0001,0.7931114694005066,0.7753270155120606,0.6411268212764939
3vjz__A1_Q9K0P4_and_3vjz__B1_Q9K0P4,0.0,0.0,1.4e-11,0.20739932962197263,0.1298979736967082,2.9793986594484734
3vol__A1_Q9I6V6_and_3vol__A2_Q9I6V6,0.52746,0.5038,1.5e-10,0.7544962618174706,0.7379122192342207,0.14361555663961612
3wtf__B1_Q9BUH6_and_3wtf__A1_Q9BUH6,0.874978,0.6596,5.1e-09,0.9287213538840958,0.9293529087797424,-0.017321657564731203
3zn4__A1_C8CHL4_and_3zn4__A2_C8CHL4,0.876467,0.7563,1.3e-11,0.9331912198159917,0.9301057841329582,-0.02742099885484126
3zw5__A1_A6NK44_and_3zw5__B1_A6NK44,0.916381,0.82,3.8e-16,0.952137537514055,0.9536690958340965,0.04618828389985722
3zxq__B1_P9WGK1_and_3zxq__A1_P9WGK1,0.757101,0.5861,9.5e-07,0.8680547726043669,0.8642335418034973,-0.012989403402665252
4aye__D1_Q9JXV4_and_4aye__A1_P08603,0.888881,0.6529,2e-10,0.9168418097359922,0.914136082509573,0.00799999935727485
4czd__B1_B8J3A4_and_4czd__A1_B8J364,0.805676,0.6812,3.9e-18,0.8781105623964918,0.8775232043854007,-0.01242578837888394
4g12__A1_A5U5K3_and_4g12__B1_A5U5K3,0.851606,0.6604,1.3e-07,0.9145334342997661,0.9125214258975363,-0.0026864736306622546
4jzp__A1_P51572_and_4jzp__B1_P51572,0.564601,0.7099,5.7e-07,0.763745958749914,0.7613635389474205,0.13447867526634733
4kqd__B1_P06626_and_4kqd__A1_P06626,0.781476,0.665,3.4e-11,0.8858217651458313,0.8800561175533158,0.03498813256579565
4l7w__A1_Q7Z4H3_and_4l7w__A2_Q7Z4H3,0.938771,0.8035,1.3e-09,0.9640553158504123,0.9634861267115061,-0.010495242983475778
4mis__A1_Q57ES7_and_4mis__B1_Q57ES7,0.860415,0.7413,2e-11,0.9243414154666174,0.9222320735118286,-0.025446562372718508
4nc8__A1_P12464_and_4nc8__A2_P12464,0.790572,0.6612,4.3e-11,0.8854050963483286,0.8899874919959903,-0.029664577702227482
4nqf__B2_Q7CW19_and_4nqf__A1_Q7CW19,0.878695,0.7246,3e-10,0.9322672888148944,0.9293471380941133,-0.011808532187832455
4oun__A1_O31418_and_4oun__A2_O31418,0.875849,0.7444,4.9e-09,0.9305134325788506,0.9289573535176023,0.03653807715530731
4ovo__A1_P67954_and_4ovo__A2_P67954,0.109991,0.3005,3.1e-08,0.430931938001462,0.3799671514079529,1.5075402202683075
4p9g__A1_Q9REI7_and_4p9g__A2_Q9REI7,0.907574,0.7808,2e-06,0.9483245164779532,0.9465511273706735,0.002302748013184477
4pib__B1_Q2SVW5_and_4pib__A1_Q2SVW5,0.920201,0.7681,8.1e-17,0.952990370268198,0.9519922488928796,-0.020694036791334754
4pww__A1_UNDEFINED_and_4pww__A2_UNDEFINED,0.45397,0.5756,2.8e-05,0.7245394186176676,0.7132222750645112,-0.004330611258022174
4pz1__A1_Q99XU0_and_4pz1__A2_Q99XU0,0.834684,0.7559,5.9e-12,0.9060844722255893,0.9066646927705051,-0.024209199862921367
4qds__A1_O60462_and_4qds__B1_O60462,0.088222,0.175,3.5e-08,0.4716500413436102,0.42465949722134005,1.0493073080544433
4usp__A1_B3GA02_and_4usp__B1_B3GA02,0.887887,0.7507,3.7e-09,0.9379155844928888,0.9366440030569754,-0.0335810093905387
4xd9__A1_C8VMF9_and_4xd9__B1_Q5B6T5,0.921126,0.74,8.3e-17,0.954368149576306,0.9542268174886078,-0.0266173631714562
4yh8__A1_Q09176_and_4yh8__B1_P36629,0.904484,0.7278,2.3e-11,0.9244433181805768,0.9192624045232181,-0.026995484845788297
4z39__A1_A0A0S2E5N6_and_4z39__B1_A0A0S2E5N6,0.0,0.0,7.2e-11,0.1659251853079603,0.08759438815333831,8.263027110015708
5cm2__A1_Q6C999_and_5cm2__B1_Q6C4P5,0.878931,0.706,5.1e-08,0.9395306271229924,0.9410881413769872,0.1352377450046365
5czf__D1_A0A0H3JHG3_and_5czf__A1_Q8XAD5,0.881572,0.8252,1.6e-08,0.917687766763761,0.9156651748563782,-0.008028990423913841
5djt__A1_O49004_and_5djt__B1_UNDEFINED,0.297776,0.3897,1.3e-06,0.6847451009070065,0.6500658245318391,0.8638332084084591
5jfz__A1_P20605_and_5jfz__B1_P0ADX5,0.926857,0.7909,8.8e-11,0.9571387494503112,0.9571263739520444,-0.012816211469659253
5k9l__B1_A8MW95_and_5k9l__A1_A8MW95,0.514779,0.5746,1.8e-09,0.7046170311114176,0.7009752144186656,-0.015341226517945837
5l0o__A1_P46940_and_5l0o__B1_P46940,0.801558,0.6651,2.3e-05,0.896935276383651,0.891277804916395,0.00845430113542638
5lxv__A1_G9FCX2_and_5lxv__B1_A0A1L1QK37,0.920068,0.7906,2.2e-12,0.9411419901970404,0.9395102701208926,-0.02125939990375774
5mrv__A1_Q8IVL8_and_5mrv__C1_P86912,0.012041,0.0307,1.2e-10,0.3592288800160528,0.23622788138621936,3.280918172103862
5myd__C2_A0A2D0TC86_and_5myd__A1_A0A2D0TC86,0.892795,0.757,3.9e-07,0.9389265754365748,0.9362880791883605,-0.02475721054061512
5oed__A1_Q6EAT3_and_5oed__B1_Q13637,0.88794,0.6537,2e-12,0.9272766922326092,0.928064597828051,0.08945171042000914
5vht__A1_P0A9J8_and_5vht__B1_P0A9J8,0.843969,0.7637,1.7e-09,0.9117546809110717,0.9117201710042444,0.0012881339061049783
5x42__A1_Q5ZYB7_and_5x42__B1_Q5ZYC6,0.892232,0.7046,9.9e-10,0.9170603757380711,0.9110121488103982,-0.016926806640343454
5yw5__A1_Q5NII9_and_5yw5__D1_Q5NII9,0.908528,0.7575,6.1e-07,0.9467899456103515,0.9450865091056282,-0.01849525233868006
6b8l__B1_P0DP23_and_6b8l__A1_P56696,0.860494,0.6967,6.2e-11,0.8942084597309072,0.8978232292674206,-0.014113304444743227
6cmv__B1_Q4J9G1_and_6cmv__A1_Q4J9G1,0.680857,0.6289,1.8e-08,0.8171921291473474,0.8096749851023295,0.025718182025632953
6dt3__B1_A0A1W1Q5B1_and_6dt3__A1_A0A1W1Q5B1,0.838983,0.6909,2.7e-06,0.9061498548965581,0.9034228170036563,-0.029690459818617697
6fju__A1_E6N8B9_and_6fju__B1_E6N8B9,0.836112,0.6274,5.5e-06,0.8970705666907238,0.8950460185721554,0.0897086008577127
6fp5__B1_Q960Q9_and_6fp5__A1_Q960Q9,0.790638,0.7456,6.4e-08,0.8770735730038947,0.8781390277776495,-0.019962159529240655
6h86__A1_B5KM66_and_6h86__B1_B5KM66,0.026749,0.12,3e-15,0.37507154129445164,0.35079813214598976,1.328816964072634
6hrx__A1_O53623_and_6hrx__B1_O53623,0.828896,0.6413,1.7e-06,0.9014621820723964,0.9000846793303334,-0.01833775891596382
6jqv__A1_Q8LC68_and_6jqv__B1_Q8LC68,0.730926,0.5,3.2e-08,0.8338708950631589,0.8376941749451575,-0.01157200228778588
6kvn__A1_A0A1S4CVP6_and_6kvn__A2_A0A1S4CVP6,0.837436,0.6328,1.3e-06,0.9108631262630641,0.9087727907687558,0.0011568735319338677
6mhm__B1_Q13510_and_6mhm__A1_Q13510,0.932373,0.7732,2.2e-13,0.9549363222086583,0.9530680419269894,-0.007447999701730121
6xgz__A1_P63386_and_6xgz__B1_P64602,0.791237,0.5636,1.2e-05,0.9097032137990866,0.9218716176382092,-0.028006300662961857
6xnr__A1_UNDEFINED_and_6xnr__A2_UNDEFINED,0.461687,0.4732,5.8e-08,0.7965002925194151,0.778562851033356,0.008729419644514609
6yev__C1_P0A744_and_6yev__A1_P0AA25,0.726554,0.623,7e-05,0.8832416653033608,0.8719659116972469,0.017092555439569068
6zdw__B1_A0A162MUP0_and_6zdw__A1_A0A162MUP0,0.867157,0.6572,2.5e-07,0.9246232635594962,0.9230193188682169,-0.01779103158765219
7c7e__A1_A0A0H3MRW3_and_7c7e__A2_A0A0H3MRW3,0.622132,0.5581,2.5e-06,0.7820046849370659,0.7725392671833531,0.48123128109947483
7drj__A1_P63756_and_7drj__B1_P63756,0.832757,0.5795,1.2e-05,0.9026179620274464,0.9002317058299709,0.06312259862873465
7dyc__A1_UNDEFINED_and_7dyc__A2_UNDEFINED,0.665618,0.8123,1.8e-09,0.8463849653404057,0.848220307000609,-0.02363065997968533
7f0o__B1_A0A2I1C3W8_and_7f0o__A1_A0A2I1C3W8,0.858851,0.679,1.5e-07,0.9189387549943396,0.9169010860829591,-0.026705872457852383
7f4q__B1_Q22GC0_and_7f4q__A1_I7M8B9,0.862853,0.6282,3.6e-11,0.9281947565058228,0.9362846630686557,-0.02304943356250118
7n35__A1_UNDEFINED_and_7n35__B2_UNDEFINED,0.430801,0.3584,2.1e-06,0.75602241782408,0.7478761087670507,0.032290668524452
7nli__B1_P08405_and_7nli__A1_P08405,0.833473,0.733,9.8e-07,0.9084758803403956,0.9077648257473683,-0.026373636760122988
7pu4__B1_Q9X053_and_7pu4__A1_Q9X053,0.905705,0.7765,1.1e-12,0.9374256255354187,0.9384986454072745,0.09135533047317425
7pvh__A1_B2RLE7_and_7pvh__B1_B2RLE7,0.786694,0.6183,6.2e-10,0.8837165338189396,0.8774076501064185,-0.00678206702345223
7qaj__F1_UNDEFINED_and_7qaj__A1_Q8JIV8,0.703829,0.4297,3.7e-15,0.8075159572598904,0.8232494429883392,0.20427980441027066
7qsq__B1_Q9X053_and_7qsq__A1_Q9X053,0.728561,0.5243,7.3e-17,0.8495508496721891,0.8592062652842498,0.01500835146677232
7skp__B1_UNDEFINED_and_7skp__A1_UNDEFINED,0.600384,0.6684,2.9e-09,0.8269386558301096,0.8234663127676464,0.1331136256285826
7t1e__A1_P78556_and_7t1e__B1_P78556,0.0,0.0378,3.6e-07,0.20213924827192076,0.1305932342366408,0.8305785495027899
7tmg__A1_A0A0H3GLR2_and_7tmg__B1_A0A0H3GLR2,0.937415,0.7878,4.4e-12,0.9636847768502663,0.9626911044246144,0.00101168766808852
7uav__A1_P0DW58_and_7uav__B1_P0DW58,0.913386,0.7852,5.1e-16,0.951502815323757,0.9517004525046571,-0.015275219946270336
7ucd__B1_P17535_and_7ucd__A1_P53539,0.631358,0.6725,1e-06,0.7883687662945823,0.7858979807869981,-0.03162846790639685
7uh4__A1_UNDEFINED_and_7uh4__B1_UNDEFINED,0.651637,0.571,3.5e-08,0.7913147382269637,0.7902188926483642,0.4817442372578504
7uj6__A1_Q8RMD9_and_7uj6__B1_Q8RMD9,0.908102,0.7605,8.3e-13,0.9467703024122331,0.94554679805635,-0.015418773961743423
7uqo__A1_UNDEFINED_and_7uqo__A2_UNDEFINED,0.821816,0.6255,5.1e-09,0.906473313403503,0.9040511405167131,-0.024849761874656543
7vkb__A1_Q5ZSZ6_and_7vkb__B1_Q5ZSZ7,0.899829,0.7226,5.1e-09,0.9500418265790409,0.9499846567363243,0.08207138792363558
7vmv__B1_Q5I3B6_and_7vmv__A1_Q58HT7,0.871395,0.6961,9.8e-16,0.8669599111615726,0.8627592210408563,0.13052206025063237
7vrc__A1_P38956_and_7vrc__B1_P22082,0.83558,0.7423,1e-08,0.9145630243101518,0.9159070178517715,0.26647960900187584
7vsf__A1_P25440_and_7vsf__B1_P25440,0.851158,0.7827,3.5e-08,0.9193525003055659,0.9159248319999824,0.0008893859733771979
7wik__B1_A0R1E6_and_7wik__A1_A0R1E6,0.870252,0.6575,6e-12,0.9225543757538565,0.9220769550865101,-0.019067392390704818
7wt0__A1_Q04760_and_7wt0__B1_Q04760,0.917696,0.7914,2.2e-20,0.9408272711642605,0.9402283685266828,0.061233006751978916
7x1k__A1_Q6DL91_and_7x1k__B1_Q6DL91,0.706338,0.7427,2.2e-06,0.8489673053026995,0.8420825599403676,-0.03378145330394107
7xge__A1_UNDEFINED_and_7xge__B1_Q07820,0.877416,0.6756,2.3e-08,0.9295449443808312,0.9310389541958959,0.0035916218422222344
7xl7__A1_A0A2J0R8J6_and_7xl7__B1_A0A2J0R8J6,0.71689,0.718,1.3e-06,0.8741092683524986,0.8717487136365745,0.030440045396410903
7xxs__A1_B2CKP3_and_7xxs__B1_B2CKP3,0.849045,0.6662,2.5e-11,0.9101061435358574,0.9074930727627046,0.025947727440305823
7y51__A1_Q8RBF4_and_7y51__A2_Q8RBF4,0.013717,0.1073,3.8e-06,0.4396750333288212,0.38234543381706776,1.4158103282017043
7yo8__A1_P60520_and_7yo8__A2_P60520,0.015969,0.0777,4.6e-19,0.4682825289871364,0.46767119048814165,4.886280846438224
7yrt__E1_H9L4P6_and_7yrt__A1_H9L4P6,0.625547,0.5414,7.5e-07,0.7773520965650029,0.7694767865776514,0.23510094738188295
7yuj__B1_Q9BYM8_and_7yuj__A1_Q9BYM8,0.015835,0.0651,1.3e-11,0.39552444460979475,0.3843210431180484,1.9371547917539291
7z56__B1_F0NGX6_and_7z56__A1_F0NGX6,0.865348,0.663,1.1e-07,0.9201506570949012,0.9190942688088074,0.4934048204186411
7zc8__B1_UNDEFINED_and_7zc8__A1_UNDEFINED,0.728812,0.6089,1.2e-08,0.8459615430463746,0.8501339944322708,0.039280821965737664
7zcm__A1_P42196_and_7zcm__B1_P42259,0.897916,0.7468,0.0013,0.9291466973362106,0.9245211476131742,0.0771433514772359
7zoo__B1_A0A979GQH9_and_7zoo__A1_A0A979GQH9,0.0,0.0,1.8e-06,0.2522884878842997,0.1756492641925485,2.3582559562189873
8a8f__A1_P32598_and_8a8f__B1_P42073,0.892635,0.6938,7.8e-10,0.9112503645401402,0.9018001889472701,0.06066530816284249
8aai__A1_O00560_and_8aai__C1_O00560,0.827523,0.6915,1.9e-08,0.9037563248415829,0.899673426169326,-0.00457882567439576
8aeu__A1_Q00987_and_8aeu__A2_Q00987,0.013535,0.1172,2.8e-06,0.30446913558928573,0.23808181779826953,3.1836615848148737
8afj__A1_A0A179QS89_and_8afj__B1_A0A179QS89,0.883486,0.7417,9.3e-08,0.9364552471718821,0.9334307369978283,-0.0173614830955188
8ag8__A1_A0A1I5SVP7_and_8ag8__A2_A0A1I5SVP7,0.440851,0.4731,1.1e-06,0.6863364266605839,0.665069687978513,-0.004395657950671714
8aim__C1_Q6GJ88_and_8aim__A1_A0A141HSF0,0.914546,0.7706,3.7e-10,0.9441873351057561,0.9416399541580531,-0.008065288453504888
8b3s__A1_O31597_and_8b3s__B1_A0A164W157,0.011076,0.0305,4.6e-11,0.25325716989539904,0.20371571567018912,6.520786754709436
8bjp__B1_A0A1W6VSR4_and_8bjp__A1_A0A1W6VSR4,0.822623,0.6997,4.9e-08,0.8975363109385253,0.8984152722625685,0.022501256901933223
8c5k__A1_P87252_and_8c5k__A2_P87252,0.79402,0.629,3.6e-09,0.8796030195754297,0.877001742882451,0.7208528204676742
8d03__A1_UNDEFINED_and_8d03__A2_UNDEFINED,0.653684,0.7327,5.4e-06,0.8616345384215676,0.8551777764985424,0.03600348588371484
8e3g__B1_P43026_and_8e3g__A1_P12643,0.809966,0.6609,2.9e-10,0.8890658157557446,0.8907881855116292,0.005483682343628985
8es5__A1_A0A0H2Z732_and_8es5__B1_A0A0H2Z732,0.895387,0.7419,2.7e-07,0.9438612899378523,0.9422117862970547,-0.000324098597734647
8fk6__A1_A0A0C9S461_and_8fk6__B1_P80098,0.762264,0.6891,2.3e-08,0.8581820709455799,0.8625828804441216,0.12353604170953256
8gt9__A1_A8MW95_and_8gt9__B1_A8MW95,0.066708,0.2132,2.4e-07,0.46377138830764975,0.4411173787482712,0.18590583416771322
8hdv__A1_UNDEFINED_and_8hdv__B1_UNDEFINED,0.631315,0.566,5.5e-11,0.8110300784624811,0.8058825006594461,0.27768209356103773
8ho2__A1_A0A191T7N6_and_8ho2__B1_A0A191T7N6,0.768427,0.6145,6.9e-07,0.868344233310739,0.861865385165353,0.5665381622169523
8hwi__B1_A0A327WNX5_and_8hwi__A1_A0A327WNX5,0.818722,0.592,1.2e-11,0.8939674145894648,0.8912052494426961,0.3705746309521226
8i33__C1_A0A6Q8PFJ0_and_8i33__A1_A0A6Q8PFJ0,0.453136,0.647,1.8e-06,0.7147425536478863,0.7106758972715861,0.04240394393200706
8i8y__B1_UNDEFINED_and_8i8y__A1_UNDEFINED,0.529331,0.4982,1.5e-06,0.7955245283296655,0.7960179077625699,-0.025741405383035407
8iw5__A1_Q8C8U0_and_8iw5__B1_Q8C8U0,0.609265,0.7581,9e-08,0.8136115341548318,0.8122442200288555,0.09392567751603845
8j64__A1_Q967S9_and_8j64__B1_O00816,0.875124,0.7119,2.8e-08,0.9162112680956437,0.9138008256915756,0.020623072699221735
8pq7__A1_M1C5B8_and_8pq7__B1_D0N0Z8,0.908706,0.7155,2.4e-09,0.9403407251334627,0.9361741980776473,0.01015238289036406
8pzo__A1_F9UT68_and_8pzo__A2_F9UT68,0.883005,0.7537,2.3e-10,0.9351658329047634,0.9326401444196356,-0.024237089197887956
8qfo__A1_A0A840P3H4_and_8qfo__B1_A0A840P3H4,0.755534,0.5943,8.3e-08,0.86231593732679,0.8570707521626402,0.013399460180562
8ri0__A1_E4THH1_and_8ri0__B1_E4THH1,0.913479,0.7141,4.2e-10,0.9494911032507481,0.9487391422337108,0.053425687073608424
8smq__A1_Q182N1_and_8smq__B1_Q182N1,0.804731,0.4835,4.1e-28,0.8553097036757058,0.8756575259577137,-0.021430840800539308
